,threshold,tpr,fpr,accuracy,f1-measure,precision,recall,learning_rate
0,0.0,1.0,1.0,0.11267297887836854,0.20252667408522618,0.11267297887836854,1.0,0.01
1,0.01,1.0,1.0,0.11267297887836854,0.20252667408522618,0.11267297887836854,1.0,0.01
2,0.02,1.0,1.0,0.11267297887836854,0.20252667408522618,0.11267297887836854,1.0,0.01
3,0.03,1.0,1.0,0.11267297887836854,0.20252667408522618,0.11267297887836854,1.0,0.01
4,0.04,1.0,1.0,0.11267297887836854,0.20252667408522618,0.11267297887836854,1.0,0.01
5,0.05,1.0,1.0,0.11267297887836854,0.20252667408522618,0.11267297887836854,1.0,0.01
6,0.06,1.0,1.0,0.11267297887836854,0.20252667408522618,0.11267297887836854,1.0,0.01
7,0.07,1.0,1.0,0.11267297887836854,0.20252667408522618,0.11267297887836854,1.0,0.01
8,0.08,1.0,1.0,0.11267297887836854,0.20252667408522618,0.11267297887836854,1.0,0.01
9,0.09,1.0,1.0,0.11267297887836854,0.20252667408522618,0.11267297887836854,1.0,0.01
10,0.1,1.0,1.0,0.11267297887836854,0.20252667408522618,0.11267297887836854,1.0,0.01
11,0.11,1.0,1.0,0.11267297887836854,0.20252667408522618,0.11267297887836854,1.0,0.01
12,0.12,1.0,1.0,0.11267297887836854,0.20252667408522618,0.11267297887836854,1.0,0.01
13,0.13,1.0,1.0,0.11267297887836854,0.20252667408522618,0.11267297887836854,1.0,0.01
14,0.14,1.0,1.0,0.11267297887836854,0.20252667408522618,0.11267297887836854,1.0,0.01
15,0.15,1.0,1.0,0.11267297887836854,0.20252667408522618,0.11267297887836854,1.0,0.01
16,0.16,1.0,1.0,0.11267297887836854,0.20252667408522618,0.11267297887836854,1.0,0.01
17,0.17,1.0,1.0,0.11267297887836854,0.20252667408522618,0.11267297887836854,1.0,0.01
18,0.18,1.0,1.0,0.11267297887836854,0.20252667408522618,0.11267297887836854,1.0,0.01
19,0.19,1.0,1.0,0.11267297887836854,0.20252667408522618,0.11267297887836854,1.0,0.01
20,0.2,1.0,1.0,0.11267297887836854,0.20252667408522618,0.11267297887836854,1.0,0.01
21,0.21,1.0,1.0,0.11267297887836854,0.20252667408522618,0.11267297887836854,1.0,0.01
22,0.22,1.0,1.0,0.11267297887836854,0.20252667408522618,0.11267297887836854,1.0,0.01
23,0.23,1.0,1.0,0.11267297887836854,0.20252667408522618,0.11267297887836854,1.0,0.01
24,0.24,1.0,1.0,0.11267297887836854,0.20252667408522618,0.11267297887836854,1.0,0.01
25,0.25,1.0,1.0,0.11267297887836854,0.20252667408522618,0.11267297887836854,1.0,0.01
26,0.26,1.0,1.0,0.11267297887836854,0.20252667408522618,0.11267297887836854,1.0,0.01
27,0.27,1.0,1.0,0.11267297887836854,0.20252667408522618,0.11267297887836854,1.0,0.01
28,0.28,1.0,1.0,0.11267297887836854,0.20252667408522618,0.11267297887836854,1.0,0.01
29,0.29,1.0,1.0,0.11267297887836854,0.20252667408522618,0.11267297887836854,1.0,0.01
30,0.3,1.0,1.0,0.11267297887836854,0.20252667408522618,0.11267297887836854,1.0,0.01
31,0.31,1.0,1.0,0.11267297887836854,0.20252667408522618,0.11267297887836854,1.0,0.01
32,0.32,1.0,1.0,0.11267297887836854,0.20252667408522618,0.11267297887836854,1.0,0.01
33,0.33,1.0,1.0,0.11267297887836854,0.20252667408522618,0.11267297887836854,1.0,0.01
34,0.34,1.0,1.0,0.11267297887836854,0.20252667408522618,0.11267297887836854,1.0,0.01
35,0.35,1.0,1.0,0.11267297887836854,0.20252667408522618,0.11267297887836854,1.0,0.01
36,0.36,1.0,1.0,0.11267297887836854,0.20252667408522618,0.11267297887836854,1.0,0.01
37,0.37,1.0,1.0,0.11267297887836854,0.20252667408522618,0.11267297887836854,1.0,0.01
38,0.38,1.0,1.0,0.11267297887836854,0.20252667408522618,0.11267297887836854,1.0,0.01
39,0.39,1.0,0.999425428876303,0.11318281136198106,0.2026195153896529,0.1127304525249581,1.0,0.01
40,0.4,0.9993535875888817,0.9832553558236887,0.12745812090313183,0.20514861995753714,0.11430683918669131,0.9993535875888817,0.01
41,0.41,0.9993535875888817,0.9388492161208241,0.16686088856518572,0.21278645654118777,0.11906962415280345,0.9993535875888817,0.01
42,0.42,0.9993535875888817,0.8639908068620209,0.23328477785870358,0.22703575886628974,0.1280649436713055,0.9993535875888817,0.01
43,0.43,0.9961215255332903,0.7740293852088976,0.31274581209031316,0.24620546413165045,0.14046121593291405,0.9961215255332903,0.01
44,0.44,0.9851325145442793,0.6987605680045965,0.37829570284049524,0.26312154696132595,0.15183819866493972,0.9851325145442793,0.01
45,0.45,0.9676793794440853,0.6230813428547977,0.4434814275309541,0.28152327221438644,0.16472271126760563,0.9676793794440853,0.01
46,0.46,0.9321266968325792,0.5242551095789214,0.5271667880553532,0.3075938566552901,0.18418699706220462,0.9321266968325792,0.01
47,0.47,0.885585003232062,0.42230977591726176,0.61238164603059,0.33986603820391964,0.21028396009209516,0.885585003232062,0.01
48,0.48,0.8455074337427279,0.3579578100632028,0.6649672250546249,0.36252771618625274,0.23072852354912682,0.8455074337427279,0.01
49,0.49,0.7821590174531351,0.28236066650250347,0.7249089584850692,0.39051153784089077,0.26021505376344084,0.7821590174531351,0.01
50,0.5,0.6864899806076277,0.19724205860625463,0.7896576839038602,0.4237829209896249,0.3064935064935065,0.6864899806076277,0.01
51,0.51,0.5882352941176471,0.1429040466223426,0.82680262199563,0.43353978084802286,0.34326669181440966,0.5882352941176471,0.01
52,0.52,0.5087265675500969,0.1012065993597636,0.854843408594319,0.44126717129240256,0.3896039603960396,0.5087265675500969,0.01
53,0.53,0.39819004524886875,0.06328490519576459,0.8760378732702112,0.41990456714383095,0.4441240086517664,0.39819004524886875,0.01
54,0.54,0.2967032967032967,0.03685463350570467,0.888055353241078,0.3739307535641548,0.5055066079295154,0.2967032967032967,0.01
55,0.55,0.21396250808015513,0.023147008126077322,0.8908958485069192,0.30648148148148147,0.5399673735725938,0.21396250808015513,0.01
56,0.56,0.15384615384615385,0.01140934088483953,0.8945375091041515,0.2474012474012474,0.6312997347480106,0.15384615384615385,0.01
57,0.57,0.10148674854557208,0.004596568989575638,0.8946831755280408,0.1784090909090909,0.7370892018779343,0.10148674854557208,0.01
58,0.58,0.07045895281189399,0.002216202905688254,0.8932993445010925,0.1295306001188354,0.8014705882352942,0.07045895281189399,0.01
59,0.59,0.0400775694893342,0.0013133054255930394,0.8906773488710852,0.07630769230769231,0.7948717948717948,0.0400775694893342,0.01
60,0.6,0.011635423400129283,0.0002462447672986949,0.8884195193008012,0.02295918367346939,0.8571428571428571,0.011635423400129283,0.01
61,0.61,0.0,0.0,0.8873270211216314,,,0.0,0.01
62,0.62,0.0,0.0,0.8873270211216314,,,0.0,0.01
63,0.63,0.0,0.0,0.8873270211216314,,,0.0,0.01
64,0.64,0.0,0.0,0.8873270211216314,,,0.0,0.01
65,0.65,0.0,0.0,0.8873270211216314,,,0.0,0.01
66,0.66,0.0,0.0,0.8873270211216314,,,0.0,0.01
67,0.67,0.0,0.0,0.8873270211216314,,,0.0,0.01
68,0.68,0.0,0.0,0.8873270211216314,,,0.0,0.01
69,0.69,0.0,0.0,0.8873270211216314,,,0.0,0.01
70,0.7,0.0,0.0,0.8873270211216314,,,0.0,0.01
71,0.71,0.0,0.0,0.8873270211216314,,,0.0,0.01
72,0.72,0.0,0.0,0.8873270211216314,,,0.0,0.01
73,0.73,0.0,0.0,0.8873270211216314,,,0.0,0.01
74,0.74,0.0,0.0,0.8873270211216314,,,0.0,0.01
75,0.75,0.0,0.0,0.8873270211216314,,,0.0,0.01
76,0.76,0.0,0.0,0.8873270211216314,,,0.0,0.01
77,0.77,0.0,0.0,0.8873270211216314,,,0.0,0.01
78,0.78,0.0,0.0,0.8873270211216314,,,0.0,0.01
79,0.79,0.0,0.0,0.8873270211216314,,,0.0,0.01
80,0.8,0.0,0.0,0.8873270211216314,,,0.0,0.01
81,0.81,0.0,0.0,0.8873270211216314,,,0.0,0.01
82,0.82,0.0,0.0,0.8873270211216314,,,0.0,0.01
83,0.83,0.0,0.0,0.8873270211216314,,,0.0,0.01
84,0.84,0.0,0.0,0.8873270211216314,,,0.0,0.01
85,0.85,0.0,0.0,0.8873270211216314,,,0.0,0.01
86,0.86,0.0,0.0,0.8873270211216314,,,0.0,0.01
87,0.87,0.0,0.0,0.8873270211216314,,,0.0,0.01
88,0.88,0.0,0.0,0.8873270211216314,,,0.0,0.01
89,0.89,0.0,0.0,0.8873270211216314,,,0.0,0.01
90,0.9,0.0,0.0,0.8873270211216314,,,0.0,0.01
91,0.91,0.0,0.0,0.8873270211216314,,,0.0,0.01
92,0.92,0.0,0.0,0.8873270211216314,,,0.0,0.01
93,0.93,0.0,0.0,0.8873270211216314,,,0.0,0.01
94,0.94,0.0,0.0,0.8873270211216314,,,0.0,0.01
95,0.95,0.0,0.0,0.8873270211216314,,,0.0,0.01
96,0.96,0.0,0.0,0.8873270211216314,,,0.0,0.01
97,0.97,0.0,0.0,0.8873270211216314,,,0.0,0.01
98,0.98,0.0,0.0,0.8873270211216314,,,0.0,0.01
99,0.99,0.0,0.0,0.8873270211216314,,,0.0,0.01
100,1.0,0.0,0.0,0.8873270211216314,,,0.0,0.01
0,0.0,1.0,1.0,0.11267297887836854,0.20252667408522618,0.11267297887836854,1.0,0.1
1,0.01,1.0,1.0,0.11267297887836854,0.20252667408522618,0.11267297887836854,1.0,0.1
2,0.02,1.0,1.0,0.11267297887836854,0.20252667408522618,0.11267297887836854,1.0,0.1
3,0.03,1.0,1.0,0.11267297887836854,0.20252667408522618,0.11267297887836854,1.0,0.1
4,0.04,1.0,1.0,0.11267297887836854,0.20252667408522618,0.11267297887836854,1.0,0.1
5,0.05,1.0,1.0,0.11267297887836854,0.20252667408522618,0.11267297887836854,1.0,0.1
6,0.06,1.0,1.0,0.11267297887836854,0.20252667408522618,0.11267297887836854,1.0,0.1
7,0.07,1.0,1.0,0.11267297887836854,0.20252667408522618,0.11267297887836854,1.0,0.1
8,0.08,1.0,1.0,0.11267297887836854,0.20252667408522618,0.11267297887836854,1.0,0.1
9,0.09,1.0,0.9999179184109004,0.11274581209031319,0.20253993191935063,0.11268118581105689,1.0,0.1
10,0.1,1.0,0.9995895920545022,0.11303714493809176,0.2025929806181247,0.11271402550091075,1.0,0.1
11,0.11,1.0,0.9966346548469178,0.11565914056809905,0.20307167235494877,0.11301044634377967,1.0,0.1
12,0.12,1.0,0.9891652302388574,0.12228696285506191,0.20429184549356222,0.11376673040152964,1.0,0.1
13,0.13,0.9993535875888817,0.9765246655175244,0.13343044428259287,0.20627084723148764,0.1150040913486573,0.9993535875888817,0.1
14,0.14,0.9993535875888817,0.9617499794796027,0.14654042243262927,0.2087778528021607,0.11656487974063183,0.9993535875888817,0.1
15,0.15,0.9993535875888817,0.9406550110810146,0.16525855790240349,0.21246478389335532,0.11886821467015224,0.9993535875888817,0.1
16,0.16,0.9993535875888817,0.9180825740786341,0.18528769118718136,0.21655694074800394,0.12143586521090252,0.9993535875888817,0.1
17,0.17,0.9993535875888817,0.8903389969629812,0.20990531682447197,0.2218077474892396,0.12474784152344065,0.9993535875888817,0.1
18,0.18,0.9993535875888817,0.8631699909710252,0.23401310997815003,0.2272025865236241,0.12817111590117725,0.9993535875888817,0.1
19,0.19,0.9993535875888817,0.8344414347861775,0.2595047341587764,0.23320009050456292,0.13200136612021857,0.9993535875888817,0.1
20,0.2,0.9993535875888817,0.8058770417795289,0.2848506919155135,0.23948570985980952,0.1360436466033087,0.9993535875888817,0.1
21,0.21,0.9993535875888817,0.7790363621439711,0.30866715222141294,0.2457088366179275,0.14007429555132736,0.9993535875888817,0.1
22,0.22,0.9980607627666451,0.7536731511122056,0.3310269482884195,0.2516092234987371,0.14394928211821742,0.9980607627666451,0.1
23,0.23,0.9980607627666451,0.729048674382336,0.3528769118718135,0.25791363902113085,0.14809131018607327,0.9980607627666451,0.1
24,0.24,0.9980607627666451,0.7092670114093409,0.3704297159504734,0.2632117286055234,0.15159548355424643,0.9980607627666451,0.1
25,0.25,0.9980607627666451,0.6903061643273414,0.3872541879096868,0.2684983914442222,0.1551135222021298,0.9980607627666451,0.1
26,0.26,0.9967679379444085,0.6684724616268571,0.40648215586307357,0.2745482061782249,0.1591988436919265,0.9967679379444085,0.1
27,0.27,0.9948287007110537,0.6455716982680785,0.4265841223597961,0.28107022189754366,0.16365376435559337,0.9948287007110537,0.1
28,0.28,0.9922430510665805,0.6218501190183042,0.4473415877640204,0.28804653781197226,0.1684776643617605,0.9922430510665805,0.1
29,0.29,0.9896574014221073,0.5988672740704261,0.4674435542607429,0.29516097937150565,0.17344511158944148,0.9896574014221073,0.1
30,0.3,0.9877181641887525,0.572272839202167,0.4908230152949745,0.30417039912411664,0.17976470588235294,0.9877181641887525,0.1
31,0.31,0.984486102133161,0.5469096281704013,0.5129643117261471,0.312955923148053,0.1860493525531395,0.984486102133161,0.1
32,0.32,0.9812540400775694,0.5225313962078306,0.534231609613984,0.3219170819637366,0.19254185692541856,0.9812540400775694,0.1
33,0.33,0.9773755656108597,0.4992202249035541,0.5544792425345958,0.33081719724319003,0.19910455622860151,0.9773755656108597,0.1
34,0.34,0.9722042663219134,0.47533448247558074,0.5750910415149308,0.34019452612531104,0.2061686086360521,0.9722042663219134,0.1
35,0.35,0.9676793794440853,0.4548140852006895,0.59278951201748,0.34874781595806637,0.21270247229326514,0.9676793794440853,0.1
36,0.36,0.9573367808661927,0.4347861774603956,0.6093954843408594,0.35579579579579584,0.2185010327530245,0.9573367808661927,0.1
37,0.37,0.9489334195216548,0.4161536567347944,0.6249817916970138,0.3631416202844774,0.2245334964821046,0.9489334195216548,0.1
38,0.38,0.9392372333548804,0.39817778872198967,0.6398397669337218,0.3701439307094637,0.23048857868020303,0.9392372333548804,0.1
39,0.39,0.9314802844214609,0.3780677993925962,0.6568099053168245,0.379510139583882,0.23829998346287415,0.9314802844214609,0.1
40,0.4,0.9211376858435681,0.3577936468850037,0.6736343772760379,0.388760060019097,0.24636929460580914,0.9211376858435681,0.1
41,0.41,0.9120879120879121,0.33989986046129855,0.6884923525127458,0.3975207775743062,0.25414265129682995,0.9120879120879121,0.1
42,0.42,0.8998060762766645,0.3199540343101042,0.7048069919883467,0.4071961386573059,0.2631379962192817,0.8998060762766645,0.1
43,0.43,0.8804137039431157,0.30123943199540343,0.7192279679533867,0.4140446876424989,0.2706677265500795,0.8804137039431157,0.1
44,0.44,0.8713639301874596,0.2850693589427891,0.7325564457392572,0.4233668341708543,0.2796100394109106,0.8713639301874596,0.1
45,0.45,0.8564964447317388,0.2679963884100796,0.7460305899490167,0.4318070718592146,0.2886710239651416,0.8564964447317388,0.1
46,0.46,0.8416289592760181,0.24821472543708445,0.7619082301529497,0.4433849821215733,0.30097087378640774,0.8416289592760181,0.1
47,0.47,0.8267614738202973,0.2340966921119593,0.7727603787327021,0.4505107432194434,0.3096102638586299,0.8267614738202973,0.1
48,0.48,0.8067226890756303,0.22030698514323238,0.7827385287691188,0.4555575835006388,0.31739572736520855,0.8067226890756303,0.1
49,0.49,0.7866839043309631,0.20799474677829763,0.7914056809905317,0.45941864854662134,0.32444681418288457,0.7866839043309631,0.1
50,0.5,0.7627666451195863,0.1954362636460642,0.7998543335761107,0.46202036021926396,0.33136759337264815,0.7627666451195863,0.1
51,0.51,0.7440206851971558,0.183206106870229,0.8085943190094683,0.46693711967545637,0.3402305645876441,0.7440206851971558,0.1
52,0.52,0.724628312863607,0.16999097102519906,0.818135469774217,0.4730955897868748,0.35119047619047616,0.724628312863607,0.1
53,0.53,0.6955397543632837,0.15841746696216039,0.8251274581209032,0.4726553920491984,0.3579507651363939,0.6955397543632837,0.1
54,0.54,0.6735617323852618,0.14733645243371912,0.8324836125273124,0.47536496350364965,0.36728939020091644,0.6735617323852618,0.1
55,0.55,0.649644473173885,0.1356808667815809,0.8401310997815004,0.4780023781212842,0.3781038374717833,0.649644473173885,0.1
56,0.56,0.6270200387847447,0.1258310760896331,0.8463219227967953,0.47901234567901235,0.3875349580503396,0.6270200387847447,0.1
57,0.57,0.6050420168067226,0.11680210128868095,0.8518572469045885,0.4792626728110599,0.39677829588808816,0.6050420168067226,0.1
58,0.58,0.5824175824175825,0.1077731264877288,0.857319737800437,0.4791278915182133,0.4069557362240289,0.5824175824175825,0.1
59,0.59,0.5630252100840336,0.10022162029056883,0.8618353969410051,0.478702940368233,0.41634799235181646,0.5630252100840336,0.1
60,0.6,0.5481577246283129,0.09570713289009275,0.8641660597232338,0.4762707104745858,0.42105263157894735,0.5481577246283129,0.1
61,0.61,0.5345830639948287,0.08840187146023147,0.8691187181354698,0.4792813677195016,0.43434873949579833,0.5345830639948287,0.1
62,0.62,0.5235940530058177,0.08421571041615365,0.8715950473415878,0.47886491279929055,0.4411764705882353,0.5235940530058177,0.1
63,0.63,0.5054945054945055,0.07986538619387672,0.8734158776402039,0.4736523319200484,0.4455840455840456,0.5054945054945055,0.1
64,0.64,0.4945054945054945,0.07485840925880326,0.8766205389657684,0.47456575682382135,0.4561717352415027,0.4945054945054945,0.1
65,0.65,0.47640594699418226,0.06862020848723631,0.8801165331391114,0.4724358974358975,0.46853146853146854,0.47640594699418226,0.1
66,0.66,0.46283128636069815,0.06410572108676024,0.8825928623452294,0.4704336399474376,0.47828991315965264,0.46283128636069815,0.1
67,0.67,0.4460245636716225,0.057949601904292866,0.8861616897305171,0.46890927624872586,0.49426934097421205,0.4460245636716225,0.1
68,0.68,0.42727860374919197,0.05269638020192071,0.8887108521485797,0.46385964912280697,0.5072908672294705,0.42727860374919197,0.1
69,0.69,0.39689722042663217,0.04695066896495116,0.8903860160233066,0.4493230881814856,0.5177065767284992,0.39689722042663217,0.1
70,0.7,0.3762120232708468,0.04161536567347944,0.89278951201748,0.44157814871016693,0.5344352617079889,0.3762120232708468,0.1
71,0.71,0.3451842275371687,0.03800377575309858,0.8924981791697014,0.41981132075471694,0.5356068204613842,0.3451842275371687,0.1
72,0.72,0.31997414350355524,0.034063859476319465,0.8931536780772033,0.4029304029304029,0.5439560439560439,0.31997414350355524,0.1
73,0.73,0.28829993535875886,0.029467290486743822,0.8936635105608157,0.3792517006802721,0.5540372670807453,0.28829993535875886,0.1
74,0.74,0.2611506140917906,0.02528112944266601,0.8943190094683175,0.35768038955289955,0.5674157303370787,0.2611506140917906,0.1
75,0.75,0.24046541693600518,0.021341213165886892,0.8954843408594318,0.3414410279944929,0.5886075949367089,0.24046541693600518,0.1
76,0.76,0.21331609566903684,0.017319215300008208,0.8959941733430444,0.3160919540229885,0.609981515711645,0.21331609566903684,0.1
77,0.77,0.19069166127989656,0.014200114914224739,0.8962126729788784,0.29280397022332505,0.6303418803418803,0.19069166127989656,0.1
78,0.78,0.16418875242404654,0.011163096117540836,0.8959213401310998,0.2622612287041817,0.6512820512820513,0.16418875242404654,0.1
79,0.79,0.14414996767937943,0.008700648444553887,0.8958485069191552,0.23773987206823027,0.6778115501519757,0.14414996767937943,0.1
80,0.8,0.1279896574014221,0.006320282360666503,0.8961398397669337,0.2173435784851811,0.72,0.1279896574014221,0.1
81,0.81,0.11182934712346478,0.005006976935073463,0.8954843408594318,0.19427288040426724,0.7393162393162394,0.11182934712346478,0.1
82,0.82,0.10407239819004525,0.004186161044077813,0.8953386744355426,0.183058555997726,0.7594339622641509,0.10407239819004525,0.1
83,0.83,0.09566903684550743,0.0036115899203808585,0.8949016751638748,0.1702127659574468,0.7708333333333334,0.09566903684550743,0.1
84,0.84,0.0892049127343245,0.003037018796683904,0.8946831755280408,0.16027874564459932,0.7885714285714286,0.0892049127343245,0.1
85,0.85,0.08468002585649645,0.002380366083887384,0.8947560087399854,0.15348564733450498,0.81875,0.08468002585649645,0.1
86,0.86,0.07756948933419522,0.002216202905688254,0.8941005098324836,0.14167650531286896,0.8163265306122449,0.07756948933419522,0.1
87,0.87,0.07239819004524888,0.002134121316588689,0.8935906773488711,0.13293768545994067,0.8115942028985508,0.07239819004524888,0.1
88,0.88,0.060116354234001294,0.0018057949601904292,0.8924981791697014,0.11191335740072202,0.808695652173913,0.060116354234001294,0.1
89,0.89,0.0491273432449903,0.0012312238364934746,0.891769847050255,0.09279609279609279,0.8351648351648352,0.0491273432449903,0.1
90,0.9,0.031027795733678087,0.0008208158909956497,0.8900946831755281,0.059813084112149535,0.8275862068965517,0.031027795733678087,0.1
91,0.91,0.012928248222365869,0.0004924895345973898,0.8883466860888565,0.025429116338207245,0.7692307692307693,0.012928248222365869,0.1
92,0.92,0.004524886877828055,0.00016416317819912992,0.8876911871813546,0.008997429305912599,0.7777777777777778,0.004524886877828055,0.1
93,0.93,0.001292824822236587,0.0,0.8874726875455208,0.0025823111684958036,1.0,0.001292824822236587,0.1
94,0.94,0.0,0.0,0.8873270211216314,,,0.0,0.1
95,0.95,0.0,0.0,0.8873270211216314,,,0.0,0.1
96,0.96,0.0,0.0,0.8873270211216314,,,0.0,0.1
97,0.97,0.0,0.0,0.8873270211216314,,,0.0,0.1
98,0.98,0.0,0.0,0.8873270211216314,,,0.0,0.1
99,0.99,0.0,0.0,0.8873270211216314,,,0.0,0.1
100,1.0,0.0,0.0,0.8873270211216314,,,0.0,0.1
0,0.0,1.0,1.0,0.11267297887836854,0.20252667408522618,0.11267297887836854,1.0,1.0
1,0.01,1.0,0.9999179184109004,0.11274581209031319,0.20253993191935063,0.11268118581105689,1.0,1.0
2,0.02,1.0,0.9769350734630222,0.13313911143481427,0.20632168578287544,0.11502713956427987,1.0,1.0
3,0.03,1.0,0.944348682590495,0.16205389657683905,0.21193232413178983,0.11852589641434264,1.0,1.0
4,0.04,0.9993535875888817,0.8962488713781499,0.2046613255644574,0.2206679988581216,0.12402727637384676,0.9993535875888817,1.0
5,0.05,0.9993535875888817,0.8288598867274071,0.26445739257101236,0.2344022439542112,0.1327722432153899,0.9993535875888817,1.0
6,0.06,0.9993535875888817,0.7609784125420668,0.32469045884923525,0.25008087997411843,0.14292317648146435,0.9993535875888817,1.0
7,0.07,0.9993535875888817,0.7010588524993844,0.3778587035688274,0.26577273508681454,0.15326658074749677,0.9993535875888817,1.0
8,0.08,0.9993535875888817,0.6559139784946236,0.4179169701383831,0.2789606640202093,0.16210548390479187,0.9993535875888817,1.0
9,0.09,0.9987071751777634,0.624148403513092,0.44603058994901673,0.28889304412864625,0.16887091485408243,0.9987071751777634,1.0
10,0.1,0.9987071751777634,0.5959944184519412,0.4710123816460306,0.29846421327151545,0.17544855780149898,0.9987071751777634,1.0
11,0.11,0.9980607627666451,0.56792251497989,0.4958485069191551,0.30849150849150847,0.1824412146992792,0.9980607627666451,1.0
12,0.12,0.9967679379444085,0.5391118772059427,0.5212672978878369,0.3193538365952159,0.19013563501849567,0.9967679379444085,1.0
13,0.13,0.9967679379444085,0.5100549946646967,0.5470502549162418,0.3315059658174782,0.19881382155750388,0.9967679379444085,1.0
14,0.14,0.995475113122172,0.4842813756874333,0.5697742170429716,0.3427172582619339,0.20698924731182797,0.995475113122172,1.0
15,0.15,0.9948287007110537,0.45965689895756384,0.591551347414421,0.3543633433110753,0.21557641126208152,0.9948287007110537,1.0
16,0.16,0.9941822882999354,0.4391365016826726,0.609686817188638,0.3646710136336692,0.2232868757259001,0.9941822882999354,1.0
17,0.17,0.9935358758888171,0.4201756546006731,0.6264384559359067,0.3747409484334999,0.23091947115384615,0.9935358758888171,1.0
18,0.18,0.9928894634776988,0.40285643930066484,0.6417334304442825,0.3844324865473658,0.2383612662942272,0.9928894634776988,1.0
19,0.19,0.9909502262443439,0.39062628252482967,0.652367079388201,0.39112131649445087,0.2436427209154482,0.9909502262443439,1.0
20,0.2,0.9877181641887525,0.3779036362143971,0.663292061179898,0.3979684854798802,0.2491846053489889,0.9877181641887525,1.0
21,0.21,0.9864253393665159,0.36583764261676105,0.6738528769118718,0.4053120849933599,0.2550559919772689,0.9864253393665159,1.0
22,0.22,0.9857789269553976,0.35508495444471805,0.6833211944646759,0.4122735874560693,0.260639206973167,0.9857789269553976,1.0
23,0.23,0.984486102133161,0.3451530821636707,0.6919883466860889,0.41869415807560134,0.26588687150837986,0.984486102133161,1.0
24,0.24,0.9838396897220426,0.3370270048428138,0.6991260014566643,0.4242508710801393,0.27043354655294954,0.9838396897220426,1.0
25,0.25,0.9806076276664512,0.330378396125749,0.7046613255644574,0.42798702214698825,0.273727896066402,0.9806076276664512,1.0
26,0.26,0.978021978021978,0.32340146105228595,0.7105608157319738,0.43228571428571433,0.27746194755180636,0.978021978021978,1.0
27,0.27,0.9715578539107951,0.3176557498153164,0.7149308084486525,0.4343930635838151,0.2797319932998325,0.9715578539107951,1.0
28,0.28,0.9683257918552036,0.3109250595091521,0.7205389657683904,0.43846041270305874,0.2833900870223231,0.9683257918552036,1.0
29,0.29,0.9663865546218487,0.3056718378067799,0.7249817916970138,0.44191545965119716,0.28645334355240465,0.9663865546218487,1.0
30,0.3,0.9631544925662573,0.3015677583518017,0.728259286234523,0.44404708687229916,0.28853601859024014,0.9631544925662573,1.0
31,0.31,0.9618616677440207,0.2972174341295247,0.7319737800437,0.44711538461538464,0.2912507339988256,0.9618616677440207,1.0
32,0.32,0.9592760180995475,0.2928671099072478,0.7355426074289876,0.4497651159266556,0.2937450514647664,0.9592760180995475,1.0
33,0.33,0.9566903684550744,0.2881884593285726,0.7394027676620539,0.4527378403181401,0.29653376076938487,0.9566903684550744,1.0
34,0.34,0.9515190691661279,0.28457686940819177,0.7420247632920611,0.45390070921985815,0.2980360396841466,0.9515190691661279,1.0
35,0.35,0.9482870071105365,0.2804727899532135,0.7453022578295703,0.4562276473332297,0.30036855036855037,0.9482870071105365,1.0
36,0.36,0.9424692954104719,0.27620454732003613,0.74843408594319,0.4577708006279435,0.30230147211279285,0.9424692954104719,1.0
37,0.37,0.9347123464770524,0.2711154887958631,0.7520757465404224,0.45933926302414224,0.3044851547694251,0.9347123464770524,1.0
38,0.38,0.929541047188106,0.2667651645735861,0.7553532410779316,0.4612670408981555,0.306740614334471,0.929541047188106,1.0
39,0.39,0.9256625727213963,0.26298941147500615,0.7582665695557174,0.4632055636422448,0.3088869715271786,0.9256625727213963,1.0
40,0.4,0.9217840982546864,0.25732578182713617,0.7628550619082302,0.46692861820563203,0.31265073448805086,0.9217840982546864,1.0
41,0.41,0.9140271493212669,0.25346794713945664,0.7654042243262927,0.4675152917837659,0.3140826299422479,0.9140271493212669,1.0
42,0.42,0.9049773755656109,0.24788639908068621,0.7693372177713037,0.4692475280710574,0.3167420814479638,0.9049773755656109,1.0
43,0.43,0.8991596638655462,0.24427480916030533,0.7718863801893664,0.4704091985120054,0.3185253034119533,0.8991596638655462,1.0
44,0.44,0.8933419521654816,0.23795452679963885,0.7768390386016023,0.4742621825669183,0.3228217706143424,0.8933419521654816,1.0
45,0.45,0.8862314156431803,0.23319379463186407,0.7802621995630007,0.4761243271401284,0.32549857549857547,0.8862314156431803,1.0
46,0.46,0.8778280542986425,0.22941804153328407,0.782665695557174,0.47649122807017547,0.3269925355164941,0.8778280542986425,1.0
47,0.47,0.8687782805429864,0.22416481983091194,0.7863073561544064,0.4781216648879403,0.3298159509202454,0.8687782805429864,1.0
48,0.48,0.861021331609567,0.21899367971763933,0.7900218499635834,0.4802595997836669,0.333,0.861021331609567,1.0
49,0.49,0.8571428571428571,0.21497168185176066,0.7931536780772032,0.48288419519300807,0.3361216730038023,0.8571428571428571,1.0
50,0.5,0.8487394957983193,0.21053927604038414,0.7961398397669337,0.4840552995391704,0.33857658586900463,0.8487394957983193,1.0
51,0.51,0.8377504848093084,0.2059427070508085,0.798980335032775,0.484304932735426,0.34060446780551906,0.8377504848093084,1.0
52,0.52,0.8306399482870072,0.2029056882541246,0.8008739985433357,0.48453996983408754,0.34202821400053235,0.8306399482870072,1.0
53,0.53,0.8170652876535229,0.1987195272100468,0.8030589949016752,0.4831804281345566,0.3430122116689281,0.8170652876535229,1.0
54,0.54,0.8067226890756303,0.19453336616596897,0.8056081573197378,0.4832526621490803,0.3449419568822554,0.8067226890756303,1.0
55,0.55,0.7957336780866192,0.1900188787654929,0.8083758193736343,0.48340860003926955,0.34715172024816693,0.7957336780866192,1.0
56,0.56,0.7853910795087266,0.1855043913650168,0.8112163146394756,0.4838709677419354,0.3496402877697842,0.7853910795087266,1.0
57,0.57,0.768584356819651,0.18115406714273988,0.8131828113619811,0.48108436172364966,0.3501177856301531,0.768584356819651,1.0
58,0.58,0.7595345830639948,0.17606500861856686,0.8166788055353241,0.4828436408465174,0.3539156626506024,0.7595345830639948,1.0
59,0.59,0.7491919844861021,0.17089386850529426,0.8201019664967225,0.48412698412698413,0.3576056772601049,0.7491919844861021,1.0
60,0.6,0.7369101486748546,0.1658868915702208,0.8231609613983977,0.48428207306711973,0.36064536539069914,0.7369101486748546,1.0
61,0.61,0.718164188752424,0.15915620126405647,0.8270211216314639,0.48335871220361104,0.3642622950819672,0.718164188752424,1.0
62,0.62,0.6981254040077569,0.15217926619059344,0.8309541150764749,0.4820352599866102,0.36809815950920244,0.6981254040077569,1.0
63,0.63,0.6864899806076277,0.1447919231716326,0.8361981063364894,0.48570775211525274,0.37579617834394907,0.6864899806076277,1.0
64,0.64,0.665158371040724,0.13781498809816958,0.8399854333576111,0.48366627497062276,0.3799852289512555,0.665158371040724,1.0
65,0.65,0.6483516483516484,0.13157678732660263,0.8436270939548434,0.4830243197688418,0.3848810437452034,0.6483516483516484,1.0
66,0.66,0.6347769877181642,0.1236969547730444,0.849089584850692,0.48662041625371644,0.39453595821615106,0.6347769877181642,1.0
67,0.67,0.6134453781512605,0.11589920380858573,0.85360524399126,0.4856704196519959,0.4019483269800932,0.6134453781512605,1.0
68,0.68,0.5998707175177763,0.10826561602232619,0.8588492352512745,0.489193463363205,0.4129951045838896,0.5998707175177763,1.0
69,0.69,0.579185520361991,0.10194533366165968,0.8621267297887837,0.4862957937584804,0.41908325537885877,0.579185520361991,1.0
70,0.7,0.5669036845507434,0.09447590905359927,0.8673707210487982,0.4906293706293707,0.4324457593688363,0.5669036845507434,1.0
71,0.71,0.5552682611506141,0.089058524173028,0.8708667152221413,0.49212260097393296,0.4418724279835391,0.5552682611506141,1.0
72,0.72,0.5404007756948933,0.08273824181236149,0.8747997086671522,0.4930698908876437,0.45336225596529284,0.5404007756948933,1.0
73,0.73,0.519715578539108,0.07691044898629237,0.8776402039329935,0.48905109489051096,0.4618035611717404,0.519715578539108,1.0
74,0.74,0.5067873303167421,0.07124681933842239,0.8812090313182811,0.49015317286652077,0.4745762711864407,0.5067873303167421,1.0
75,0.75,0.49256625727213965,0.06632192399244849,0.8839766933721777,0.4889316650625602,0.4853503184713376,0.49256625727213965,1.0
76,0.76,0.4783451842275372,0.061068702290076333,0.8870356882738529,0.488287693830419,0.49865229110512127,0.4783451842275372,1.0
77,0.77,0.46929541047188106,0.057621275547894604,0.889075018208303,0.48806722689075627,0.5084033613445378,0.46929541047188106,1.0
78,0.78,0.4563671622495152,0.05286054338011984,0.8918426802621996,0.48740075940628236,0.522962962962963,0.4563671622495152,1.0
79,0.79,0.4466709760827408,0.04834605597964377,0.8947560087399854,0.48885744605588966,0.53984375,0.4466709760827408,1.0
80,0.8,0.4376212023270847,0.044406139702864646,0.8972323379461035,0.4896925858951176,0.5558292282430214,0.4376212023270847,1.0
81,0.81,0.4234001292824822,0.04120495772798161,0.8984705025491624,0.4844674556213017,0.5661192739844425,0.4234001292824822,1.0
82,0.82,0.4137039431157078,0.03890667323319379,0.8994173343044428,0.48102217211574594,0.5745062836624776,0.4137039431157078,1.0
83,0.83,0.40271493212669685,0.03767544939670032,0.8992716678805536,0.47394446557626474,0.5757855822550831,0.40271493212669685,1.0
84,0.84,0.394311570782159,0.03554132808011163,0.9002184996358339,0.47104247104247104,0.5848513902205177,0.394311570782159,1.0
85,0.85,0.37944408532643825,0.032914717228925555,0.9008739985433357,0.4631163708086785,0.5941295546558705,0.37944408532643825,1.0
86,0.86,0.37168713639301876,0.031191003857834687,0.9015294974508375,0.4596322941646683,0.6020942408376964,0.37168713639301876,1.0
87,0.87,0.356819650937298,0.028974800952146433,0.9018208302986161,0.45024469820554647,0.6099447513812155,0.356819650937298,1.0
88,0.88,0.3471234647705236,0.025691537388163835,0.9036416605972324,0.4480600750938673,0.6317647058823529,0.3471234647705236,1.0
89,0.89,0.33031674208144796,0.024214068784371667,0.9030589949016752,0.43433914152146197,0.6339950372208437,0.33031674208144796,1.0
90,0.9,0.31997414350355524,0.021915784289583847,0.9039329934450109,0.4287570376786487,0.6496062992125984,0.31997414350355524,1.0
91,0.91,0.2979961215255333,0.019453336616596897,0.9036416605972324,0.41069042316258353,0.660458452722063,0.2979961215255333,1.0
92,0.92,0.28312863606981253,0.016662562587211688,0.9044428259286235,0.40036563071297987,0.6833073322932918,0.28312863606981253,1.0
93,0.93,0.25210084033613445,0.015267175572519083,0.9021849963583394,0.3674046161092793,0.6770833333333334,0.25210084033613445,1.0
94,0.94,0.21654815772462832,0.012968891077731266,0.9002184996358339,0.3284313725490196,0.6795131845841785,0.21654815772462832,1.0
95,0.95,0.17517776341305752,0.010752688172043012,0.897523670793882,0.2780913288866085,0.6741293532338308,0.17517776341305752,1.0
96,0.96,0.13574660633484162,0.008126077320856932,0.8954115076474872,0.22629310344827586,0.6796116504854369,0.13574660633484162,1.0
97,0.97,0.10213316095669037,0.004924895345973898,0.8944646758922068,0.17903682719546743,0.7247706422018348,0.10213316095669037,1.0
98,0.98,0.08274078862314156,0.002626610851186079,0.8943190094683175,0.14997070884592853,0.8,0.08274078862314156,1.0
99,0.99,0.058177117000646414,0.0016416317819912994,0.8924253459577567,0.10863005431502716,0.8181818181818182,0.058177117000646414,1.0
100,1.0,0.0,0.0,0.8873270211216314,,,0.0,1.0
0,0.0,1.0,1.0,0.11267297887836854,0.20252667408522618,0.11267297887836854,1.0,10.0
1,0.01,0.9851325145442793,0.3419519001887876,0.6949016751638747,0.4211689926765234,0.26783831282952547,0.9851325145442793,10.0
2,0.02,0.9819004524886877,0.3263563982598703,0.7083758193736344,0.43141153081510936,0.2764331210191083,0.9819004524886877,10.0
3,0.03,0.978021978021978,0.32061068702290074,0.7130371449380918,0.43439563594602354,0.27920280494556193,0.978021978021978,10.0
4,0.04,0.9760827407886231,0.3153574653205286,0.7174799708667152,0.43774460066676335,0.2821375186846039,0.9760827407886231,10.0
5,0.05,0.9754363283775048,0.31215628334564555,0.7202476329206118,0.44000583175389996,0.2840737951807229,0.9754363283775048,10.0
6,0.06,0.9741435035552682,0.3105967331527538,0.7214857975236708,0.44077215560105293,0.28482328482328484,0.9741435035552682,10.0
7,0.07,0.9741435035552682,0.3087909381925634,0.7230881281864531,0.44219483568075113,0.2860125260960334,0.9741435035552682,10.0
8,0.08,0.9741435035552682,0.3076417959451695,0.7241077931536781,0.4431049691267275,0.2867745004757374,0.9741435035552682,10.0
9,0.09,0.9741435035552682,0.306410572108676,0.7252002913328478,0.44408427876823336,0.2875954198473282,0.9741435035552682,10.0
10,0.1,0.97349709114415,0.30542559303948125,0.7260014566642389,0.44464127546501336,0.2881193801415726,0.97349709114415,10.0
11,0.11,0.97349709114415,0.30493310350488384,0.7264384559359067,0.44503546099290775,0.28845048841218157,0.97349709114415,10.0
12,0.12,0.9728506787330317,0.3046047771484856,0.7266569555717407,0.44506875646902266,0.2885352760736196,0.9728506787330317,10.0
13,0.13,0.9728506787330317,0.3043585323811869,0.7268754552075747,0.4452662721893491,0.2887013236140418,0.9728506787330317,10.0
14,0.14,0.9715578539107951,0.3038660428465895,0.7271667880553533,0.4452014218009478,0.2887608069164265,0.9715578539107951,10.0
15,0.15,0.9702650290885585,0.3033735533119921,0.7274581209031318,0.44513641755634636,0.2888204733500096,0.9702650290885585,10.0
16,0.16,0.9702650290885585,0.3028810637773947,0.7278951201747997,0.4455327990501632,0.28915430552879984,0.9702650290885585,10.0
17,0.17,0.9683257918552036,0.3025527374209965,0.7279679533867444,0.44510473926608224,0.28896604938271603,0.9683257918552036,10.0
18,0.18,0.967032967032967,0.30206024788639907,0.728259286234523,0.4450394169269671,0.2890262751159196,0.967032967032967,10.0
19,0.19,0.967032967032967,0.3018140031191004,0.7284777858703568,0.44523809523809527,0.2891938913589793,0.967032967032967,10.0
20,0.2,0.967032967032967,0.3016498399409013,0.7286234522942462,0.4453706460256029,0.2893057435699091,0.967032967032967,10.0
21,0.21,0.9663865546218487,0.30140359517360255,0.7287691187181354,0.4453380994935955,0.28933617185988003,0.9663865546218487,10.0
22,0.22,0.9663865546218487,0.30123943199540343,0.7289147851420248,0.4454707985697259,0.2894482090997096,0.9663865546218487,10.0
23,0.23,0.9650937297996122,0.30099318722810475,0.7289876183539694,0.4452065006709408,0.28934108527131785,0.9650937297996122,10.0
24,0.24,0.9650937297996122,0.300746942460806,0.7292061179898034,0.44540572792362765,0.28950940469265074,0.9650937297996122,10.0
25,0.25,0.9650937297996122,0.300746942460806,0.7292061179898034,0.44540572792362765,0.28950940469265074,0.9650937297996122,10.0
26,0.26,0.9650937297996122,0.3001723713371091,0.7297159504734159,0.4458712856502912,0.2899029126213592,0.9650937297996122,10.0
27,0.27,0.9650937297996122,0.2998440449807108,0.7300072833211945,0.4461377558643359,0.2901282549553051,0.9650937297996122,10.0
28,0.28,0.9650937297996122,0.2995157186243126,0.7302986161689731,0.44640454477500374,0.29035394788020225,0.9650937297996122,10.0
29,0.29,0.9644473173884939,0.2991873922679143,0.7305171158048069,0.4464392579293836,0.29044189215495425,0.9644473173884939,10.0
30,0.3,0.9644473173884939,0.2986949027333169,0.7309541150764749,0.4468403713686732,0.2907815240693822,0.9644473173884939,10.0
31,0.31,0.9644473173884939,0.2985307395551178,0.7310997815003641,0.44697423606950265,0.2908949112887502,0.9644473173884939,10.0
32,0.32,0.9644473173884939,0.2980382500205204,0.731536780772032,0.44737631184407795,0.29123560413820027,0.9644473173884939,10.0
33,0.33,0.9638009049773756,0.29787408684232125,0.7316096139839767,0.4472776361181941,0.2912109375,0.9638009049773756,10.0
34,0.34,0.9638009049773756,0.2977920052532217,0.7316824471959213,0.44734473447344736,0.29126782574721627,0.9638009049773756,10.0
35,0.35,0.9631544925662573,0.29746367889682346,0.7319009468317553,0.4473802732322474,0.2913570590535784,0.9631544925662573,10.0
36,0.36,0.9631544925662573,0.2972995157186243,0.7320466132556446,0.4475146418381139,0.291471048513302,0.9631544925662573,10.0
37,0.37,0.9618616677440207,0.29713535254042517,0.7320466132556446,0.447182569496619,0.2913077525450274,0.9618616677440207,10.0
38,0.38,0.9612152553329024,0.29697118936222605,0.7321194464675892,0.44708358388454605,0.29128305582762,0.9612152553329024,10.0
39,0.39,0.9605688429217841,0.2967249445949274,0.7322651128914786,0.44705174488567984,0.2913154283473829,0.9605688429217841,10.0
40,0.4,0.9605688429217841,0.2967249445949274,0.7322651128914786,0.44705174488567984,0.2913154283473829,0.9605688429217841,10.0
41,0.41,0.9599224305106658,0.2963966182385291,0.7324836125273124,0.4470871594159265,0.29140502354788067,0.9599224305106658,10.0
42,0.42,0.9592760180995475,0.29606829188213085,0.7327021121631464,0.4471226272973788,0.2914947947358083,0.9592760180995475,10.0
43,0.43,0.9592760180995475,0.29606829188213085,0.7327021121631464,0.4471226272973788,0.2914947947358083,0.9592760180995475,10.0
44,0.44,0.9586296056884293,0.29590412870393173,0.732774945375091,0.4470233609645818,0.29147012578616355,0.9586296056884293,10.0
45,0.45,0.9586296056884293,0.2958220471148321,0.7328477785870356,0.44709074464877896,0.2915274228425398,0.9586296056884293,10.0
46,0.46,0.9586296056884293,0.2954937207584339,0.7331391114348143,0.44736048265460027,0.29175683651386974,0.9586296056884293,10.0
47,0.47,0.9586296056884293,0.2952474759911352,0.7333576110706482,0.4475629998491022,0.29192913385826774,0.9586296056884293,10.0
48,0.48,0.9586296056884293,0.29508331281293604,0.7335032774945375,0.4476981132075472,0.2920441118550611,0.9586296056884293,10.0
49,0.49,0.9586296056884293,0.2949191496347369,0.7336489439184268,0.44783330816850375,0.2921591804570528,0.9586296056884293,10.0
50,0.5,0.9586296056884293,0.29467290486743825,0.7338674435542607,0.4480362537764351,0.29233195347920365,0.9586296056884293,10.0
51,0.51,0.9586296056884293,0.29467290486743825,0.7338674435542607,0.4480362537764351,0.29233195347920365,0.9586296056884293,10.0
52,0.52,0.9586296056884293,0.2940983337437413,0.7343772760378733,0.44851050960229844,0.29273588630082903,0.9586296056884293,10.0
53,0.53,0.9586296056884293,0.29393417056554216,0.7345229424617625,0.44864619573438214,0.2928515007898894,0.9586296056884293,10.0
54,0.54,0.9586296056884293,0.29368792579824343,0.7347414420975965,0.44884987893462475,0.2930250938549694,0.9586296056884293,10.0
55,0.55,0.9586296056884293,0.2933595994418452,0.7350327749453751,0.44912174439733493,0.2932568716630413,0.9586296056884293,10.0
56,0.56,0.9573367808661927,0.2931954362636461,0.7350327749453751,0.4487878787878788,0.2930932119532951,0.9573367808661927,10.0
57,0.57,0.9566903684550744,0.29294919149634735,0.7351784413692644,0.44875682231655545,0.29312735195088135,0.9566903684550744,10.0
58,0.58,0.9566903684550744,0.29253878355084956,0.7355426074289876,0.44909725383098165,0.2934179222839017,0.9566903684550744,10.0
59,0.59,0.9566903684550744,0.29237462037265044,0.7356882738528769,0.4492335711033541,0.2935343117810393,0.9566903684550744,10.0
60,0.6,0.9566903684550744,0.2921283756053517,0.7359067734887108,0.44943820224719094,0.29370906925977375,0.9566903684550744,10.0
61,0.61,0.9566903684550744,0.2916358860707543,0.7363437727603788,0.44984802431610943,0.2940592092191536,0.9566903684550744,10.0
62,0.62,0.9566903684550744,0.2914717228925552,0.736489439184268,0.44998479781088474,0.2941761081295965,0.9566903684550744,10.0
63,0.63,0.9553975436328378,0.2914717228925552,0.7363437727603788,0.44951338199513385,0.2938954066414794,0.9553975436328378,10.0
64,0.64,0.9547511312217195,0.2912254781252565,0.736489439184268,0.44948265368228846,0.29393034825870645,0.9547511312217195,10.0
65,0.65,0.9547511312217195,0.2908971517688582,0.7367807720320466,0.4497563946406821,0.29416450906193986,0.9547511312217195,10.0
66,0.66,0.9547511312217195,0.29065090700155954,0.7369992716678806,0.44996191926884993,0.29434037465125545,0.9547511312217195,10.0
67,0.67,0.9541047188106012,0.2904867438233604,0.7370721048798252,0.4498628466930814,0.2943170488534397,0.9541047188106012,10.0
68,0.68,0.9534583063994829,0.2903225806451613,0.7371449380917698,0.4497636834883366,0.29429369513168396,0.9534583063994829,10.0
69,0.69,0.9534583063994829,0.29024049905606175,0.7372177713037145,0.4498322659347362,0.29435242466573536,0.9534583063994829,10.0
70,0.7,0.9528118939883645,0.28991217269966346,0.7374362709395484,0.4498702884175187,0.2944466640031962,0.9528118939883645,10.0
71,0.71,0.9528118939883645,0.2896659279323648,0.7376547705753824,0.45007633587786255,0.29462322606436137,0.9528118939883645,10.0
72,0.72,0.9528118939883645,0.2895838463432652,0.737727603787327,0.4501450603145518,0.2946821271491403,0.9528118939883645,10.0
73,0.73,0.9521654815772462,0.2889271936304687,0.7382374362709395,0.45045871559633033,0.29501301822551573,0.9521654815772462,10.0
74,0.74,0.9521654815772462,0.2884347040958713,0.7386744355426075,0.45087235996326896,0.2953679566873872,0.9521654815772462,10.0
75,0.75,0.9515190691661279,0.2881884593285726,0.7388201019664967,0.4508422664624808,0.29540437487457355,0.9515190691661279,10.0
76,0.76,0.9515190691661279,0.2876959697939752,0.7392571012381646,0.451256897608829,0.29576049829214385,0.9515190691661279,10.0
77,0.77,0.9508726567550096,0.2875318066157761,0.7393299344501093,0.4511577978837601,0.29573783675110576,0.9508726567550096,10.0
78,0.78,0.9502262443438914,0.2872034802593778,0.7395484340859432,0.45119705340699806,0.2958341718655665,0.9502262443438914,10.0
79,0.79,0.9495798319327731,0.28671099072478046,0.7399126001456664,0.45137501920417883,0.29604997984683595,0.9495798319327731,10.0
80,0.8,0.9495798319327731,0.2861364196010835,0.740422432629279,0.4518609658566595,0.29646821392532796,0.9495798319327731,10.0
81,0.81,0.9482870071105365,0.28547976688828697,0.7408594319009468,0.4519408502772643,0.2966632962588473,0.9482870071105365,10.0
82,0.82,0.9476405946994182,0.2850693589427891,0.7411507647487254,0.45205057045945113,0.2968212188702166,0.9476405946994182,10.0
83,0.83,0.9463477698771816,0.2846589509972913,0.7413692643845594,0.45192159283840094,0.29683698296836986,0.9463477698771816,10.0
84,0.84,0.9457013574660633,0.2840022982844948,0.7418790968681719,0.45224111282843893,0.2971765183830997,0.9457013574660633,10.0
85,0.85,0.9431157078215902,0.28359189033899695,0.7419519300801165,0.45163287416808545,0.2969067969067969,0.9431157078215902,10.0
86,0.86,0.9424692954104719,0.2833456455716983,0.7420975965040059,0.45160291156884,0.2969450101832994,0.9424692954104719,10.0
87,0.87,0.9418228829993536,0.2828531560371009,0.7424617625637291,0.4517829457364341,0.2971650010197838,0.9418228829993536,10.0
88,0.88,0.940530058177117,0.28203234014610523,0.7430444282592862,0.4520037278657969,0.2974851768554488,0.940530058177117,10.0
89,0.89,0.9392372333548804,0.28080111630961174,0.7439912600145666,0.45257748014327986,0.2981124333196553,0.9392372333548804,10.0
90,0.9,0.9366515837104072,0.2797340556513174,0.7446467589220684,0.45252966895690194,0.2983323038912909,0.9366515837104072,10.0
91,0.91,0.9347123464770524,0.27850283181482394,0.7455207574654042,0.45286564359536485,0.29882207067575944,0.9347123464770524,10.0
92,0.92,0.9334195216548158,0.27743577115652956,0.7463219227967953,0.45330403390362584,0.29933665008291876,0.9334195216548158,10.0
93,0.93,0.9314802844214609,0.2769432816219322,0.7465404224326293,0.45300220056585977,0.2992731048805815,0.9314802844214609,10.0
94,0.94,0.9314802844214609,0.27620454732003613,0.7471959213401311,0.4536439477412246,0.2998335414065751,0.9314802844214609,10.0
95,0.95,0.9282482223658695,0.274152507592547,0.748652585579024,0.4542147714692393,0.30067001675041877,0.9282482223658695,10.0
96,0.96,0.925016160310278,0.2720183862759583,0.7501820830298617,0.45486331849968215,0.3015806111696523,0.925016160310278,10.0
97,0.97,0.9211376858435681,0.2696380201920709,0.7518572469045884,0.4554898513664696,0.30254777070063693,0.9211376858435681,10.0
98,0.98,0.9133807369101486,0.2652056143806944,0.7549162418062637,0.45646906800193826,0.30426356589147285,0.9133807369101486,10.0
99,0.99,0.9069166127989657,0.25716161864893705,0.7613255644573925,0.4612855498931448,0.30930335097001765,0.9069166127989657,10.0
100,1.0,0.10536522301228184,0.006320282360666503,0.8935906773488711,0.18242865137101288,0.6791666666666667,0.10536522301228184,10.0
